Month,Calendar Year,Fiscal Year,Withholding,Income Tax Estimates & Finals,Sales and Use,Business Use,Room Occupancy,Electric Generation,Business Entity,Corporation Business,Pass-Through Entity,Unrelated Business Income,"Cable, Satellite and Video",PEG Account,Electric & Power,Gas & Electric,Railroads,Estate & Gift,Insurance Premiums Domestic,Insurance Premiums Foreign,Health Care Centers,Nonadmitted / Unauthorized / Captive Insurers,Alcoholic Beverages,Cigarette Tax,Electronic Cigarette Products,Tobacco Products,Cannabis Tax,Controlling Interest Transfer,Real Estate Conveyance,Petroleum Gross Earnings,Admissions & Dues,Admissions & Dues and TNC Fee,Dry Cleaners,Occupational Tax,Rental Surcharge,Solid Waste,Tourism Surcharge,Controlled Substances,Prepaid Wireless E-9-1-1 Fee,Paid Preparer Fee,Repealed Taxes,Nursing Home User Fee,Hospitals,Intermediate Care Facility,Ambulatory Surgical Centers,Gasoline,Special Fuel,Motor Carrier,Highway Use Fee,Licenses,Beverage Container Deposits,Total Revenue
July,2011,FY 2011-12,,,,,,,381060.92,,,13131.96,,1206491,,,80290,6389228,7422.02,482963.75,0,13394.08,,16109807.86,,688528.85,,922415.49,,,2673711.44,,81002.98,40850.32,0,811503.94,297504.9,3058.43,,,213162.9,,,,,,,,,168768.74,,30584297.58
August,2011,FY 2011-12,277152390.94,23202684.78,266684123.26,927436.95,8942131.1,0,484492.78,15834589.6,,34439.43,646401.18,-395889.84,598.14,207.96,8683.63,22578867.66,14169.41,1161899.64,0,11031.43,5908080.78,40686262.05,,941050.13,,3557753,8928562.46,597737.14,3187848.06,,92488.98,28797.88,0,79789,626828.96,2221.46,0,,95482.39,1358440.78,0,0,,31362452.56,9466716.36,110712.68,,136076,144726.5,724600285.22
September,2011,FY 2011-12,398048299.06,274881288.84,289661741.74,2769766.79,10132507.23,0,824783.27,77972927.85,,190040.7,0,0,0,0,0,10020517.14,9377243.86,22080153.83,4679473,71577.12,4464952.36,38971173.03,,999066.57,,595053.17,10074029.04,632106.4,2218147.94,,6872.07,44417.09,0,0,462709,1200.37,0,,17587.19,664491.99,0,0,,31744734.83,10609017.91,1159712.65,,387327.46,64361.03,1203827280.53
October,2011,FY 2011-12,408613206.17,69442266.48,333566779.06,3798695.47,9770714.1,17767106,461952.67,25876711.83,,28806.63,13604060.48,1331324.47,44699891.27,8386739.97,0,10091249.23,0,283205.23,0,1075.39,4780496.56,34589222.24,,917235.07,,58244.14,9467368.8,97965756.9,1927275.34,,95216.44,50200.7,75.25,597058.29,439563.14,1267.67,0,,234203.54,33023090.06,84247905,693114.28,,30343374.73,9815832.71,1747806.95,,152225.5,7240241.36,1266110559.12
November,2011,FY 2011-12,465707421.5,88038348.61,308212282.11,1837456.18,10088593.69,0,484246.81,15126465.53,,206688.68,2122064.49,-504536,937853.93,66189,0,5306502.15,0,1978527.15,0,174461.55,5134593.07,33119894.46,,836365.21,,1727415.98,8037987.89,813537.1,1979754.21,,86382.09,364053.66,0,314208,429904.31,967.44,0,,76580.84,2630223.01,3032664,4033619.71,,31255463.77,9810633.04,209077.1,,200230.31,152895.02,1004029015.6
December,2011,FY 2011-12,540952630.73,228425551.18,238439058.98,8393847.86,8472731.83,0,3841928.66,103469367.48,,237319.86,148428.88,0,0,0,0,4927305.26,5243983.8,24151292.42,1755540,62212.31,4576157.05,36679297,,885652.14,,146520.45,8494498.3,2702186.46,1849964.72,,24414.85,2848686.31,0,0,377605.72,1083.04,0,,176727.57,915106.47,0,1007969,,31129792.06,10207795.06,2538726.11,,243297.83,0,1273326679.39
January,2012,FY 2011-12,493107286.03,451940061.47,477899840.33,7633130.48,7126289.28,14009753,-2605943.43,31119716.59,,11267.55,13002977,1278633,30460983.35,12271804.97,0,5769424.13,-20523,280780.77,0,271914.23,6518892.37,31491146.21,,790280.49,,1080985.57,8656655.87,86850525.84,3521210,,94700.01,4846472.41,6822.37,597553.68,416073.33,11526.85,0,,604814.7,35058409.91,84911482,2153074.8,,31725722.89,8982040.79,1438215.13,,175399,6119382.24,1859608782.21
February,2012,FY 2011-12,481771321.2,92941720.31,275255288.84,5313289.45,6217308.59,3922486,6832266.32,23075004.68,,355537.19,-960012,-164683.41,313742,181746.57,0,5531714.41,7076182.7,14771159.37,1167844,3240723.31,3337092.86,28585884.54,,710447.75,,730835.24,6576031.01,4054834.45,4442503.33,,74988.96,305946.26,223367.18,263218,349280.94,6992.58,0,,197367.51,3563902.81,2369087,1051601,,28138078.89,8510583.97,508882.85,,153900.48,148897.63,1021146364.77
March,2012,FY 2011-12,564895879.2,104713533.6,185747684.91,2530107.09,6029389.98,0,14105963.83,161666524.76,,336078.91,0,0,0,0,20,12253927.93,15354453.17,45531380.84,3479475,2249523.31,3680781.77,29765070.22,,749662.78,,166761.64,7988041,653516.07,2150585.15,,14085.13,189662.91,50,0,346788.13,2162,0,,260962.69,1162401,0,991187,,28116273.34,7819878.93,1903202.99,,166096.68,-1048.61,1205020063.35
April,2012,FY 2011-12,372964696.84,1223284456.17,389069033.42,6558418.74,8179143.01,17053000,11740783.9,41473420.27,,59712.45,9008886.44,439597,39955495.4,19148489.98,0,65959386.83,-1518505.32,400398.56,3625869,7245.29,6010731.38,32038387.9,,704115.43,,1057806.39,9274578.46,85594631,3806065.18,,64575.07,137602.27,0,545592.96,401468,813.74,0,,26866.88,34176490.96,83446225,1734910,,29074172.98,8957170.56,1676400.91,,142477.92,5334617.33,2511615228.3
May,2012,FY 2011-12,411727248.42,112930878.5,305928926.6,3292669.15,7808224.89,17374,4745390.41,15159077.89,,233881.25,4571675.26,393706,301320,742374,60,14404160.5,799369.8,1484109.99,826012,504702.53,4394198.3,35859707.19,,785675.82,,180425.06,11375133.67,1446103.58,3947099.47,,94423.62,198802.1,0,261162.4,374279.15,2396.3,0,,-79127.27,3415218.36,3960224,1283291,,28932353.92,8781802.49,655135.67,,123309.91,101516.82,991964292.75
June Final,2012,FY 2011-12,851135077.96,373515678.01,661011335.65,9104498.4,19342379.26,16763000,865330,160344057.67,,250562.49,10512157.99,0,37299000,10384389.93,60,28467297.32,13262718.12,37452973.43,2534361,74966.93,11789478.24,52594342.12,,896305.8,,754329.16,32890033.32,91655699.44,2657168.92,,16034.39,71734.05,0,99.62,392313.52,1921.58,,,69112.64,35733796.57,87310000,3017997,,62450494.22,19764021.07,3830721.22,,175229,7828634.29,2646219310.33
July,2012,FY 2012-13,,,,,,,594203.11,,,3040.75,,1467418,,,115300,10974840.47,2268.18,560044.48,0,-22919,,16035049.97,,1571154.3,,107534.03,,,3825039.63,,89677.78,52658.66,0,897466.46,446031.38,1063.16,,,250172.96,,,,,,,,,133298.28,,37103342.6
August,2012,FY 2012-13,320983013.78,26085541.63,279033328.38,3298341.42,8952223.14,751701,609883.81,14445296.04,,42417.58,3893921,-605647,0,0,0,19262821.09,3361.37,2109609.95,9173.04,735782.79,4653721.13,36904378.14,,1962282.17,,1714198.8,11129619.98,835632.82,3421536.36,,86127.58,126985.89,0,0,465313,2029.88,0,,240499.57,1329589.04,0,952163,,30545161.88,10372263.22,521909.09,,167614.66,13300.16,785055095.39
September,2012,FY 2012-13,342279423.63,354114929.9,199553462.79,2943201.46,7460694.04,0,1023033.5,78392824.91,,243642.54,0,0,0,0,0,4823426.75,10523201.8,26606329.14,1842690,170934.75,3667957.1,30827056.56,,1816464.05,,514062.96,10881800.5,35691.22,1378735.48,,7383.62,126557.05,0,0,456169.28,1800.15,0,,28975.86,762605.9,4237452,989781,,31141158.47,11114451.41,1889182.25,,355932.12,424535.59,1130635547.78
October,2012,FY 2012-13,396173305.33,100449016.49,394410985.33,5027594.57,10769147.1,17738839,563515.71,21269562.89,,49518.06,11756080,674961,48876920.43,8020006.14,0,12547186.51,-227173,1097041.25,0,209963.32,5638502.91,36138542.69,,1392370.34,,207739.79,9496000.86,88812892.37,2812681.43,,82541.79,90582.46,240,609120.87,424319.65,1363.73,0,,288138.32,25944826.92,78083147,1675917,,28989469.13,9855288.87,1910067.7,,172020,6001700.4,1328033944.36
November,2012,FY 2012-13,412725179.23,25131382.92,331434862.56,3387027.13,9958016.15,2256728,506456.01,17002711.62,,45721.96,1841680.78,177163,18116.07,47307.46,0,10961111.66,6488,892224.07,0,2949255.66,6029350.81,33333419.56,,1478890.1,,745769.98,12168806.09,2653432.54,2205006.5,,82880.04,69113.98,564.04,259016,435496.7,2131.26,0,,50472.93,10219539.07,4959973,1303739,,31654775.25,10751261.66,224345.1,,199139.64,191690.57,938360246.1
December,2012,FY 2012-13,483932688.03,303854998.11,305701671.47,3114099.44,9193536.7,34282,505011.63,112009790.7,,433151.34,74.67,0,20796.18,0,0,5515243.36,10533532.52,23879174.64,1842691,152654.08,5964971.37,32012659.89,,1177587.35,,542126,12271760.31,6179022.03,2638431.49,,6619.82,2693318.86,0,4974.23,379822.41,1666.89,0,,175371.96,491764.94,0,909959,,31242935.12,11278864.09,1881459.33,,239738.19,0,1370816449.15
January,2013,FY 2012-13,562214076.97,539681065.87,398925836.93,7787666.26,7228330.66,11420711,837662.35,15717008.98,,11292.43,13784869,717130,30649549.89,11755021,0,56350731.97,653332.45,3253485.02,0,830384,5041775.15,26736169.28,,1277987.03,,688221.51,14691230.39,93755027.13,3068799.42,,130154.51,5079402.21,3125,820372.63,421046.81,2103.27,0,,102799.82,32916614.87,79866332,1983236.38,,30484270.14,9591513.71,2017028.95,,173350.5,5923625.71,1976592341.2
February,2013,FY 2012-13,440403563.44,36620271.59,288828594.13,6578246.92,7098673.93,5917065,3385674.26,32366102.9,,9198.85,1696.81,112965,312589,0,0,6412764.54,3838157,14927362.88,588500,1621976.28,3655888.5,27057190.82,,1100250.26,,450511,7342228.52,1244212.67,4444871.52,,47242,387586.45,255442.99,40158.21,387607.52,5420.4,88700.96,,159602.53,5741975.45,7506837,928061,,28667340.87,10184849.66,584805.89,,131683,99415.21,949535284.96
March,2013,FY 2012-13,575586824.39,95818912.01,177105178.14,1920239.97,5756375.32,0,17931195.53,155963986.54,,472478.59,0,161,0,21992.5,0,60378715.4,14298021.26,43923850.57,8652548,90006.87,2760783.67,28005418.65,,1095889.24,,682508.24,6614323.68,472287.07,2372434.8,,3949.17,271732.86,152,0,330571,4413.53,127447.98,,196321.02,1563741.69,0,-8562410,,25412018.61,9171067.77,2381806.95,,150420.15,3181.31,1230978545.48
April,2013,FY 2012-13,392130970.22,1563130783.6,406703921.48,6538405.82,8570581.22,19773580,14145275.94,52553393.71,,66469.64,14192061.82,546437,44233173.12,24379603,0,224078103.23,-647015.85,2330550.98,1278184,72621.2,6708496.41,31615558.03,,1120661.07,,33600.74,10847929.27,88958556.16,4182114.37,,75112.94,192865.04,0,734991.65,418205.26,4316.74,162892.2,,1486073.71,28056776.79,86267459,1189120,,29723392.09,9795342.89,1499316.23,,160557.79,5707018.63,3083017457.14
May,2013,FY 2012-13,435380697.87,48896042.14,317450217.59,4372069.34,8723381.4,10233.98,3830240.75,20374939.83,,510091.15,-128495.92,325812.92,0,1148975.46,0,20330466.66,85316.26,1059905.91,0,2889269.17,4457934.38,32827134.61,,1136805.49,,585538.97,13207371.16,1952391.52,3516727.48,,72087.16,137095.82,267.01,51532,401863.72,4655.3,141659.01,,44661.99,8816976.98,106000,756956,,29240325.67,10528911.7,612865.17,,151220.75,362650.12,974372796.52
June Final,2013,FY 2012-13,863213398.39,401878667.59,700704972.91,11040933.63,20441074.48,8920000,702663.93,176954669.78,,219906.91,11097457.1,35984.93,33187000,11419000,20,7883228.36,12710565.96,40004494,6090977,19022.26,11826264.03,52554149.94,,1255796.66,,51002,38533447.66,90026749.61,2712092.03,,5286.19,125016.89,0,0,410268.7,4330.13,123509.78,,35783.76,34655820.73,86267000,1948680,,62178932.16,21957283.07,3881505.33,,146747.83,8801370.64,2724025074.37
July,2013,FY 2013-14,,,,,,,779126.45,,,10665.63,,723575,,,114202,9070724.95,94244.87,160485.33,0,278845.04,,15052010.65,,1112906.14,,54668.39,,,4310217.75,,105358.25,139820.57,0,856387.29,464511.58,2249.51,196493.73,,23090.24,,,,,,,,,134097,,33683680.37
August,2013,FY 2013-14,302705759.73,26300552.44,207101538.95,3300589.9,7332222,1750360,629968.39,17422835.28,,28276.75,3375825.81,127718.25,975.3,271877.85,0,18801852.95,93074,2026843.51,0,715821.91,3072342.15,31147227.06,,1183454.41,,4770.8,11408482.74,640948.67,2741572.82,,64016,117441.18,0,81130.81,474879.36,3580.78,128602.25,,90046.82,1650378.11,459,433580,,30835519.3,11543123.09,735948.8,,128849.95,88141.55,688560588.67
September,2013,FY 2013-14,364883174.07,400859291.66,381450261.92,3362269.07,12017748.62,0,1063383.75,81316312.95,,1062809.08,63.27,0,0,61050.42,70.6,6599775.49,8697527.82,25613684.39,1123178,2085.4,5837569.08,32489625.17,,1202672.89,,113304,14878569.16,26356.85,2420327.1,,4713.71,105135.62,0,0,463270.22,1780.71,176724.4,,39017.45,257060.81,0,459095,,31075286.71,12037387.96,2606842.11,,368355,11780.79,1392687561.25
November,2013,FY 2013-14,402066995.92,47535700.73,273436567.8,9423655.48,7812956.63,4653,1209055.91,62386110.19,,302010.64,2150866.72,131390.21,651544.68,766180.02,24130.42,15591972.67,156520.84,2088777.75,0,810986.43,3098400.77,29746343.82,,1175009.51,,452738.56,14190890.96,7833946.14,2402778.28,,44943.84,275102.15,0,6743.67,440419.5,1560.9,124655.63,,593863.51,6502969.65,25746434,449949.59,,31150807.21,11915962.33,472843.2,,255755.81,420477.5,963852672.57
December,2013,FY 2013-14,487599743.6,290538347.43,413629290.18,3597106.38,10828696.36,0,346204.11,115700317.98,,605162.44,44992.36,291.67,0,15603.13,51.4,8538576.85,8401846.92,23843728.73,2048922,131194.52,9047188.28,32377188.14,,975158.57,,179475.2,13626832.34,870546.47,3438530.15,,3374.1,2471079.64,0,598.6,337225.98,2080.46,183892.45,,73568.6,312824.59,1013975,439385,,29952868.98,11059369.4,2327665.95,,179634,132933.88,1474875471.84
October,2013,FY 2013-14,424503039.59,117351435.23,343993016.36,6370109.66,9595941.18,13560165,771303.27,72701918.15,,35444.96,14354973.05,724383.86,50647865.61,6854787.07,0,32048975.23,0,546016.78,0,195701.86,4922985.37,31296425.13,,1137351.06,,1076004.59,18907904.52,102227534.74,2645306.37,,118330.33,85013.01,0,887634.63,437521.3,1935.49,171232.11,,-466306.16,31529108.26,60635178,1465894.93,,29182187.4,11100544.13,1481224.34,,174702.43,7145193.1,1400417981.94
January,2014,FY 2013-14,553937825.82,566120815.91,394930569.62,7221459.16,6956649.42,,672381.75,20728746.15,,21532.93,17392286.5,1559747.9,35036497.01,13057550.35,70.4,19338160.26,190714.32,846170.77,0,1113819.79,5105660.53,28093439.99,,976308.65,,201158.57,12153541.3,91949299.47,3508611.21,,113902.49,4795291.5,12595.81,828598.13,422292,1641.56,179980.49,,119375.98,30124480.31,82659767,1477969,,29909944.27,10718444,1686328.01,,155870.89,4481931.75,1948801430.97
February,2014,FY 2013-14,497056295.29,27203447.8,285426269.18,4704425.59,6168808.37,,568398.3,11684315.76,,1186626.06,199.27,131808,0,309448.66,0,14107477.04,7840811,18793201.57,500000,810678.99,3610651.27,24163732.34,,938807.3,,296380.74,8494193.43,8269259.85,4566963.18,,42781.09,292919.79,259782.44,4403,386578.1,7770.86,162893.43,,29333.56,7795399.01,1213113,454529,,27232947.37,10927121.62,404697.99,,111170.08,200184.61,976357823.94
March,2014,FY 2013-14,567379258.32,103487123.72,262744425.48,3749850.17,6656749.48,,1258662.37,145030057.89,,203069.98,727147,-727147,0,0,20,7154303.75,13646217.87,39602743.3,2402721,256051.3,4862543.67,27711223.17,,864472.26,,1248407.8,10645480.02,110260.36,3394737.42,,4956.01,143248.27,946,0,320594.42,3635.03,153019.94,,60524.95,1123392.92,400000,405970,,25125052.8,9475928.62,2935117.15,,147965.48,132.8,1242708863.72
April,2014,FY 2013-14,429717215.45,1244574405.37,326592654.07,5787401.75,7731187.36,,1058824.83,45889990.21,,87089.34,14675955,1191335,42828418.14,23161841.91,0,17799403.66,-110839.8,1634208.37,16177.93,275045.26,4710776.08,27180526.57,,887996.84,,574714,12719010.13,94926871.41,3755471.58,,76576.12,131216.43,0,794239.97,415515.5,4262.88,170413.31,,25862.69,27206480.34,78072687,1429266,,30223152.19,10880055.71,1370913.36,,145335.5,5263893.67,2463875551.13
May,2014,FY 2013-14,445743564.85,42309039.21,249653368.84,5172576.27,7630653.49,,372568.43,1231795.82,,658502.87,-68370.87,305476,436852,1576794.38,0,11160625.12,1088329.06,2211160.31,0,469673.28,2328278.58,29950434,,998073.65,,110851.54,12498469.72,5712378.82,3035281.39,,64002.02,53746.26,0,-320,392279.73,3966.45,141006.89,,129833.08,7788397.51,407885,20588,,29030562.17,11022217.16,990562.34,,142411.02,151088.56,874924602.95
June Final,2014,FY 2013-14,951012984.13,428410118.36,797838474,11144418.18,22930883.44,,281618.48,194409251.5,,506345.1,10921000,0,41934000,14478433.61,20,9423786.72,12413179.52,38323938.16,2385435,6235,14089380.91,55134884.6,,961934.28,,3998424.61,42673063.65,103542254.4,3520059.42,,11827.55,45025.08,1610,0,442003.98,3456.67,176484.01,,59800.62,35279456.14,71059309.01,2311582,,61958750.52,22393970.92,4285934.37,,160549.25,9488988.24,2968018871.43
July,2014,FY 2014-15,,,,,,,42277.28,,,69855.85,,1330668,,,200296,8896414.52,543365.71,1238035.23,0,481742.96,,9910912.57,,941513.5,,513005.3,,,3782673.73,,122238.14,35761.11,428.42,966188.52,476691.03,2450.99,152965.81,,31466.42,,,,,,,,,142007.56,,29880958.65
August,2014,FY 2014-15,255315752.18,28771125.29,207285443.97,3085472.57,7535746.14,,296009.14,33808036.62,,152511.12,6664643.89,-1047097,105,966.39,10390.93,18537278.48,183094.54,2481000.74,0,364021.04,2265773.09,30293632.1,,1366078.51,,778251.19,12459387.5,126879.57,2512042.22,,45434.13,597211.49,0,0,486689.6,2826.29,164863.52,,283999.34,869619.74,213572,915,,31014243.71,11770751.81,78177.07,,112841.01,1420.29,658889110.22
September,2014,FY 2014-15,381751466.41,430962057.03,405779947.25,4065587.04,13392833.43,,215195.07,80520059.82,,862493.46,0,0,0,213.6,0,17973421.73,9020976.84,24313685.73,1923160,-1122.96,6609574.22,31853494.6,,938074.8,,128473.56,16938328.88,58825.24,3320706.38,,31713.16,294980.12,0,0,479919.57,3437.79,181525.84,,-374416.43,414951.44,0,844263,,30020191.23,11551337.83,3240705.81,,366902,42432.4,1477725395.89
October,2014,FY 2014-15,452304624.76,105800402.69,359243802.41,7546678.39,11973475.5,,197174.16,31092720.42,,68710.82,16377237,1413790,45663490.14,7439533.42,1812.72,8327242.73,7800.7,770693.78,0,101246.83,5628712.52,29554215.24,,586734.16,,463161.32,16391689.12,101469405.73,2472097.24,,148558.28,220462.42,0,841397.24,475971,3678,177849.01,,46808.69,28285035.73,73641317.5,1385028,,30678115.92,11888384.9,1428143.73,,157820.97,6885742.48,1361160765.67
November,2014,FY 2014-15,402872181.8,28195048.3,248651135.16,5532690.71,9372516.06,,-219799.1,13716577.63,,482367.32,685345.56,-511279.41,0,218628.27,0,8689094.72,572487.98,2325084.66,0,294216.59,2873350.49,26254675.11,,914280.81,,2607727.84,13662993.4,4408771.78,1903631.32,,46025.94,152111.74,0,0,474389.03,1249.31,135322.21,,219411.68,6787061.55,-2767844.61,440745,,30940075.13,12009010.38,325761.58,,166221.07,641545.89,823072812.9
December,2014,FY 2014-15,530796063.03,316910593.33,424072032.94,3341467.1,10761062.52,,338654.78,103249102.89,,534866.93,22571.88,0,0,0,0,20730532.1,9216821.4,24767632.17,1464927,186415,8262395.58,33835771.1,,864327.1,,250868.44,12876094.55,1341982.03,2925014.38,,51900.62,2474460.28,0,0,360961.17,1108.05,199587.11,,15167.32,116801.32,133810,404743,,29155752.76,10940223.13,3164841.45,,216459.71,0,1553985012.17
January,2015,FY 2014-15,546226274.72,582472963.92,334711041.77,9918440.37,6317259.54,,607522.29,16319025.8,,78023.69,14086917,1448972,17227724.2,10369220.86,0,11259315.95,-13946,725837.27,0,675729.84,3800687.7,25560748.42,,942973.49,,106598.51,12247017,70291880.69,2748453.03,,95222.42,4792334.85,16245,586717.14,447735.42,3046.33,160588.28,,5908.93,18225726.79,59692784,1060533,,30467574.91,10916002.85,1231115.63,,171176.27,5119484.25,1801120878.13
February,2015,FY 2014-15,508486802.79,35332601.72,367645346.98,6512910.4,8087080.29,,1929035.51,23009980.65,,99363.24,2166750.79,141960,11109828,4940786.36,0,7289419.27,1813843,11330525.56,11016,1782079.9,4299964.78,22773821.23,,778008.56,,784347.9,9551372.44,15630101.26,4775973.18,,98383.2,361218.88,198733.9,0,382777,5788.29,173504.43,,29707.3,17346429.76,10410921,753803,,29666354.08,10889476.61,367116.08,,126067.34,989293.06,1122082493.74
March,2015,FY 2014-15,613078989.72,119115390.12,294029092.19,3143627.32,7994243.02,,16538599.61,170427304.49,,178035.22,0,0,0,0,0,8867586.35,9844879.15,37020379.38,1153094,2074385,6326034.25,28997343.97,,850012.44,,168312,10319218.67,381216.95,3633836.2,,14219.12,210442.94,12018.03,0,339141.48,13025.06,153035.46,,22958.05,796999.34,5032850,373234,,26349076.14,10597175.38,2709919.38,,141436.86,27992.33,1380935103.62
April,2015,FY 2014-15,488294012.56,1422690402.24,338591956.76,7726536.86,8858212.24,,13692796.8,45362556.83,,189541.96,15062647,3425090,45314377.75,25380364.91,20,31529210,-443222.05,648054.07,524.05,34496.9,4618689.77,24845949.73,,880625.63,,122142.56,11197479.69,52166375.97,3742050.79,,85160.29,140793.22,9511.5,952868.08,453365.08,4568.84,177335.53,,150143.57,27410252.08,72714551.32,1021482,,30268563.52,10631881.81,1865341.11,,155877.5,7080973.47,2697053561.94
May,2015,FY 2014-15,400562601.6,65387345.93,324903112.28,5968554.94,9259595.01,,9558117.28,24605090.48,,587857.5,3241855.49,-3167474,374777,778246.28,0,14147703.06,1432671.02,3187389.32,0,352844.41,2532768.37,31104202.25,,962363.11,,51636.2,15051416.02,6053199.75,3138716.96,,80469.29,71061.8,134.24,107074.05,424717.39,5230.5,150166.59,,60769.77,10033435.25,4041767,728262,,29098229.95,10999709.45,488273.94,,121933.21,504658.81,976990483.5
June Final,2015,FY 2014-15,980913766.09,452438386.48,724114893.3,14137399.29,22726977.33,,721607.47,223995466.27,,1411923.33,15618000,0,24925000,12151000,60,20515908.22,11873475.88,34900300.53,1752205,8187.58,14393986.37,52872548.54,,822424.08,,3084457.52,46201117.45,85974852.59,3651248.34,,14610.13,57041.84,120,0,430623.8,4568.39,153021.45,,74995.8,35887185.56,76947000,1761004,,63786900.22,23902426.79,4148959.7,,166313.25,9306203.34,2965846165.93
July,2015,FY 2015-16,,,,,,,605550.22,,,5244.26,,3310863,,,253629,48134098.99,750,111333.51,-524.05,139368.91,,10383514.7,,1006632.46,,23783.15,,,3927867.62,,156178.41,35235.63,50.4,758525.44,495911.39,4842.74,222867.36,,39894.6,,,,,,,,,145913.5,,69761531.24
August,2015,FY 2015-16,257164670.52,38130234.82,336608457.49,2827542.54,12161381.6,,533564.41,14242182.02,,112206.92,132113.9,-585866.96,719.22,982.47,0,14298587.99,-114291.2,2508791.36,0,863152.76,4953851.39,30355383.74,,1040887.86,,61202,11268621.14,7796.91,3221583.27,,53790.37,32646.78,0,0,514652.82,1486.61,139728.7,,32119.72,1468411.12,1125014,378356,,31387537.94,11482545.81,7535.2,,122457.32,6425.19,776546463.75
September,2015,FY 2015-16,404434045.23,447724712.93,325667792.71,2533298.17,11636208.2,,1353445.98,99970944.42,,427648.51,0,0,0,0,0,16158701.69,7321765.95,21761499.86,1134803,0,4484755.48,32716557.98,,916529.06,,343488.89,19593595.74,96527.98,2460483.04,,13621.34,23994.34,793,12.96,492479.63,1541.88,124987.18,,64617.23,831490.15,0,376009,,32933890.9,11113122.48,2486955.86,,343659.6,11274.8,1449555255.17
October,2015,FY 2015-16,439544223.84,113818775.4,357240062.76,9916353.66,11221250.83,,721618.81,24625063.89,,171948.97,13485058.23,3256752,35817684.54,7263601.37,73.4,12283979.91,30735.6,483550.92,0,4268.84,3351630.11,31172636.01,,1008603.29,,869536.13,14836931.29,43619647.72,2011858.98,,101490.9,34545.68,0,772296.96,492702.05,1796.71,144539.64,,77304.84,24524007.17,119619489,777372,,30840659.93,11142754.97,1613403.52,,167938.5,6485314.97,1323551463.34
November,2015,FY 2015-16,427963185.38,17443872.98,365521537.56,2863074.25,11801041.09,,-155390.69,13769095.11,,327331.82,1651334.29,-456045,14774532,238122.36,0,20489442.19,1434726,1587221.89,0,156982.77,7710878.9,31768679.47,,1064733.89,,316400.77,13803544.39,30397986.94,2486879.01,,66162.9,33697.76,5017.57,0,474940.88,993.28,123837.35,,6216.69,11196205.46,12643735,962481,,32331950.79,11559423.07,293279.69,,217487.53,1808130.35,1038682726.69
December,2015,FY 2015-16,593972343.07,328958909.21,337651192.65,2928159.31,8746891.82,,400813.07,108265554.06,,428479.9,41663.21,2873.2,0,0,0,19797112.42,8615341.98,22229413.04,1183082,0,6117534.11,33930539.37,,1043931.53,,3316063.02,12541239.18,2346602.54,2630251.47,,18880.94,2748808.69,179.68,4582.47,389702.85,1166.63,123477.39,,121665.94,2829963.76,398421.34,366266,,30474236.38,10312903.24,2191009.08,,201112.2,5661.1,1545336027.85
January,2016,FY 2015-16,538136825.77,489128943.94,357285650.76,9188504.62,6230201.92,,757529.06,15205132.88,,85538.52,12050083,3228886,12455974,5431042.8,0,16274964.23,593465,1680403.42,0,221853.18,3204260,24912296.97,,1080840.09,,1064100.8,12914053.95,24648865.67,2948345.73,,103090.89,4112131.48,12538,415062.81,437544.26,4628.38,145843.14,,112280.84,20076687.63,88323333,745254,1993966,31466410.76,10366676.84,1113123.44,,160428.21,5962701.46,1704279463.45
February,2016,FY 2015-16,491349532.05,41193147.13,341771172.72,8103611.1,7461449.92,,195311.94,13517232,,103691.72,2614404,150273,12082553,6118668.01,0,7627199.98,1698467,31956692.96,0,1563028.4,5354883.68,24826494.01,,879152.75,,2239504.7,10385489.8,38036466.29,5128669.54,,64693.27,203745.31,377420,369989.47,382564.73,3907.32,118471.64,,17883.29,14997659.1,46784890,993921,62898,29530155.24,9817104.24,528412.63,,135078.05,789196.7,1159535085.69
March,2016,FY 2015-16,707342783.54,138169276.8,297707557.87,3616809.02,7863182.5,,644978.35,199009945.19,,414480.79,537867,-537367,0,0,0,8119006.18,12990555.25,44632024.92,37272,2637832.5,4974925.57,28006033.21,,925790.52,,5513338.96,11324382.82,33626.13,3480810.13,,25038.49,104442.35,469.05,404.25,361047.64,1972.5,109809.53,,233763.27,1740377.76,0,342532,0,27915880.13,9410563.12,2432130.34,,155435.15,1685.6,1520280663.43
April,2016,FY 2015-16,455145483.75,1372797018.22,262161669.87,8554918.4,7626477.27,,1018188.79,117948543.09,,527915.47,13939350,3330161.3,24380460.36,8963043,20,30498317.97,-1371270.18,2693739.98,0,65260.79,3907411.88,28012385.41,,1158571.13,,50767.76,13238201.89,20503360.57,3385428,,90290.5,66284.54,11116.14,515907,428268.19,2572.4,125290.12,,3716.73,21387620.44,82581550.4,805434,3540318,30707551.24,10181228.8,1591828.61,,136269.76,6607930.97,2537318602.56
May,2016,FY 2015-16,420139398.59,46378193.58,407160045.12,5744133.41,10742608.13,,204518.46,15361475.3,,467315.77,1693269,-501290,11960504,10883777.84,0,13030042.76,201498.7,3249429.09,0,455960.6,5950065.28,32791203.84,,979496.49,,44797.28,15783465.92,25178681.75,4217149.68,,74305.89,45024.5,-100,263787.53,417004.74,1765.23,154858.33,,23154.04,10980674.83,50773244.4,931357,529206,30745813.11,10366108.84,408877.94,,140437.91,822927.29,1138794188.17
June Final,2016,FY 2015-16,1016272763.38,396500598.13,756368261.4,12923506.63,24248938.52,,357902.43,247138116.64,,1521647.33,24650533.5,-7522533.5,45675000,27912562,84705,15109683.91,10832828.41,35017908.95,0,5493.4,13103164.24,52419529.52,,1116750.2,,34279.18,46931140.05,65300810.25,3431486.16,,7199.73,50836.83,0,0,451485.72,1140.98,124508.91,,70053.71,35016386.05,135705860.72,1671494,4251000,64862050.98,22650731.04,3964732.68,,153674.38,11029692.74,3069445924.2
July,2016,FY 2016-17,,,,,,,259720.13,,,75132.35,,1219540.09,,,19360,12545022.62,0,1750903.68,0,53892.78,,11996793,,1303740.84,,1556420.56,,,2778595.31,,130528.83,31185.29,0,486364.65,520163.64,3481.22,116120.85,,9317.31,,,,,,,,,133819.43,,34990102.58
August,2016,FY 2016-17,299099901.08,31039317.17,310367389.47,2912938.14,10787425.06,,218414.29,14960747.22,,45678.24,561522,-288310,1793.44,457.06,0,16665843.49,322091,3026984.21,0,656125.4,4935864.42,36705659.84,,1091108.59,,201821.89,12197902.84,143485.3,4469874.5,,53912.86,20300.94,0,294669,506429.95,1088.09,173263.78,,34400.02,1056806.72,225,54,4545.54,32778749.48,8756513.07,220390.46,,181061.72,50916.09,794257361.37
September,2016,FY 2016-17,441404416.27,391417712.16,334406623.58,3794040.34,12571674.15,,245096.7,142111975.6,,559645.93,4895.2,0,0,43982.53,151,19420992.97,8011898.83,23964265.63,32765,1835.75,4963818.81,31532596.06,,1278681.63,,1471094.35,17906772.52,45596.82,2416982.44,,12046,22857.66,0,0,528687.29,1474.62,139817.63,,32929.27,452787.02,0,701885,0,33194120.36,10044613.79,2634372.78,,269174.1,54104.62,1485696384.41
October,2016,FY 2016-17,414355677.97,109897882.76,355169702.4,7801679.13,11396032.2,,223288.14,45639444.02,,571752.99,16218304.9,847822.92,50051513,9645035,8850.84,8676010.9,312932.32,305973.72,0,21024.3,5127749.91,31377151.74,,1223574.86,,2705512.53,16581479.06,54157105.87,2280289.53,,139231.47,1261086.31,0,508388.02,491677.51,20939.43,161391.25,,21916.75,26564084.42,119039223.16,982174,1752069,31378747.68,9151492.95,1176823.28,,138306.61,7707336.6,1345090679.45
November,2016,FY 2016-17,449591201.8,25025221.37,365863397.15,4213471.85,11956349.83,,213558.16,19334698.99,,374075.2,1562817.57,83602.43,283062.84,88007,6117.45,4846354.08,274789.72,1866102.64,0,192744.77,5008741.2,27590075.08,,1170607.36,,1418004.42,16267485.86,6381517.72,2319202.1,,43860.59,723960.5,0,293759.52,461111.74,1470.94,148176.27,,3685.7,9515010,14042673.17,341150,218917,32543308.51,9283021.47,250217.58,,233774.42,1384598.17,1015419902.17
December,2016,FY 2016-17,569128213.28,315091627.89,304899433.26,3999332.4,8614299.72,,109041.06,148734294.57,,515639.84,0,0,0,999900.03,0,9110830.82,5323434.19,24884738.45,780528,8458,4731476.77,32705432.75,,1281061.67,,551657,17106616.19,4597.23,2247920.3,,12871.08,1901767.26,0,0,405626.34,10934.96,125890.33,,47624.04,400240.19,0,677011,0,31738034.22,8897084.95,2007246.91,,191938.93,52483.11,1497297286.74
January,2017,FY 2016-17,547575903.39,456575806.85,475660765.65,8193822.71,8770536.09,,699739.11,26470741.98,,65134.55,16727484.75,1438844,28690547,12378161.86,91.6,15983913.05,140199,836172.02,0,494837.31,7673928.98,29904998.06,,1213227.29,,2856255.3,14536091.9,54418955.54,4136400.94,,120907.77,5766006.65,131794,752913.26,454269.72,1693.79,175797.73,,18633.48,27555349.19,133455460,1151784,3282673,32398948.64,8747587.12,830027.68,,183291.61,7585845.64,1938055542.21
February,2017,FY 2016-17,487462608.57,40207884.08,303745013.28,6963309.18,7278884.3,,1318019.9,14668135,,80709.77,516603,-513005,188879,2052108,11833.5,13516051.27,1185340.07,14276094.78,0,1041143.06,3055766.17,22440391.43,,1035979.46,,1320078.16,10828398.61,18874444.72,4423222.49,,53274.58,321023.37,172240.4,0,387112.34,7515.48,131951.63,,2451.82,7234537.91,389648,463124,533176,29356579.49,7886021.23,332602.11,,121442.19,419048.67,1003789642.02
March,2017,FY 2016-17,728253768.63,173953909.39,300320070.39,3319985.87,7947201.4,,21330724.61,183218004,,760450.07,-3750,0,0,773459.28,0,19250768.08,11849786.67,44209116.94,418583,3594646.92,5304545.11,30342672.1,,1076774.86,,1052912.46,10774708.36,686878.42,3490015.97,,11237.38,300521.09,2623,0,342101.23,1462.66,134639.26,,23053.51,893785.73,389648,299839,49241,27131606.21,7244488.38,2403322.32,,162296.79,2212.37,1591317310.46
April,2017,FY 2016-17,426851569.69,1168909081.4,255224890.24,2911098.04,7753677.02,,16521463.27,83657406.2,,355106.63,14690675,1333790.05,22935530.74,21761163,25,39798608.59,-854001,2411175.39,220.42,91517.29,3249886.24,25342233.3,,1193009.36,,4065269.05,14717134.22,24222735.28,2945742.16,,62760.36,306740.49,0,456898,436339,934.95,152097.03,,49188.48,16914433.46,101666399.56,832356,3758392.17,30900824.3,8575535.21,747542.79,,143690.29,6487663.94,2311580802.61
May,2017,FY 2016-17,460141985.68,77098531.27,421614217.38,6476787.7,11078546.76,,2563641.9,38521193.82,,229878.85,2831340,-404852,12332792,2226286.56,0,11681223.39,-386311.91,3834462.56,348653.32,391155.79,5972606.13,32293000.04,,1196136.27,,188622,14641480.76,13365969.54,4693667.55,,77952.63,260628.46,0,252734,399690.46,1832.59,148368.24,,14441.56,15928911.12,29547490,780658,809092.3,30981867.92,8332869.12,355504.57,,143455.15,1128097.18,1212094608.66
June Final,2017,FY 2016-17,1000778212.35,374747051.42,766640997.78,12877846.22,24631225.18,,1123355.57,271242359.9,,567253.48,17327338.2,33,32016829,12762508.45,0,47164511.36,8913826.82,36152340.39,496819,337167.82,13130837.3,54670237.85,,1494301.03,,992490.68,46058058.72,66052926.31,3306642.65,,9481.3,160755.1,17144,0,448222.94,312.72,138268.28,,16493.21,34833431.53,115253264.72,1615655,4401981.29,65772129.32,19385168.17,3065029.97,,148878.51,10728566.26,3049479952.8
July,2017,FY 2017-18,,,,,,,697187.39,,,13600.35,,1439578.1,,,455771.4,11694702.8,9154.78,142075.31,0,114946.91,,9418209.86,,1379552.92,,108331.27,,,4210441.08,,124123.28,112341.6,0,827981,516673,749.16,176231.62,,59335.94,,,,,,,,,109303.51,,31610291.28
August,2017,FY 2017-18,381726836.24,32935487.26,311599308.93,1814362.82,11404983.49,,801566.12,18277307.62,,184486.24,-250,3265,307.46,448110.38,65.2,19005410.29,1590433.74,2454504.42,0,416926.76,5086901.29,32852790.19,,1185774.37,,122915.67,14905588.19,7187.2,2990995.45,,42749.98,106547.9,0,0,466735.69,597.06,166569.93,,3399.18,765286.09,8255815.62,301556,45639,32709177.19,8975702.9,20531.82,,202465.04,-91803.47,891786234.26
September,2017,FY 2017-18,414481466.52,370186821.83,261129851.79,1896630.53,10065146.88,,1349850.75,108471352.82,,405460.22,0,0,0,0,30.6,25216249.72,12225421,24414089.33,562597,59431.22,2998576.05,28896084.15,,1532978.29,,434201.66,16712480.8,1667198.17,1731321.91,,4050.04,62199.09,3000,0,487531.09,566.31,187069.24,,108850.66,845058.4,761976,311689,0,33378618.93,9995228.98,1787932.6,,267125.81,180726.52,1332818863.91
October,2017,FY 2017-18,436660615.37,103501587.55,447009400.05,8505235.15,13990877.49,,760976.24,32675661.71,,142993,18824839.23,562831.61,52030665,8724195.3,0,49052379.52,-2503.94,586209.26,0,96039.06,6953394.02,32837917.65,,1327099.54,,276188.36,15590684.77,69738025.14,3391275.32,,103676.84,72317.2,0,743315.82,475519.42,1918.55,211254.08,,219580.09,27303633.71,118862978,1285233,2092089.8,31039148.83,9051056.6,1066464.7,,171790.07,9090263.57,1505026826.68
November,2017,FY 2017-18,487721488.4,44320465.69,347840287.03,2840804.57,12156520.74,,185820.32,23810909.63,,1666278.31,-55587,0,0,255846.62,0,10601301.04,341166,3032107.33,0,829813.6,6246801.22,25759073.29,,1400370.28,,144676,15192718.12,2855088.41,2066045.27,,53057.52,49133.45,2000,156,455250.4,1674.53,229830.53,,7725.79,7566037.83,18204031.99,309300,123145,32807595.19,9129085.48,252103.28,,262659.28,24562.52,1058689343.66
December,2017,FY 2017-18,557356415.28,664486135.14,286964324.13,1093532.69,9336452.91,,2870029.72,114626648.07,,797195.25,5944.13,58784.52,1208092.4,1236.06,0,20434673,7684070,24553388.75,812596,0,3092906.64,33402329.61,,1401367.97,,2040174,14194077.59,1957824.9,2504472.94,,10826.77,593722.77,0,156,411637.8,1516.81,163993,,11152.04,1528383.04,46535678,299087,62161,31733888.09,9640389.67,1775468.39,,194085.78,141395.06,1843986212.92
January,2018,FY 2017-18,613382074.1,1301476620.03,521130007.52,11995433.4,9240866.94,,1155699.56,23386380.78,,180358.04,15320669.18,864498.17,15729178,13402596.91,0,14742081.6,-1437621,2445750.02,0,161737.05,8138644.32,28991389.65,,1752134.19,,234860.42,15928784.79,72297728.5,4350992.49,,98223.65,5971770.04,2446.35,421635.69,436999.44,1634.15,269233.77,,24527.23,25706837.15,2886487.64,992542,3500474.65,32425875.64,8922666.81,1079509.38,,180001.8,7264972.23,2765056702.28
February,2018,FY 2017-18,529025201.24,53946672.04,344927936.66,4795563.8,7816730.77,,1268190.13,23020507.1,,30589.69,2114655,112113.68,0,1009674,0,10776295.38,4587684.4,13009931,104592,1131367.76,3884470.16,23684285.49,,1705825.06,,266662.55,10476772.27,1614582.14,4151216.21,,50604.99,275478.18,248876.24,325415,406994.87,49445.2,185440.87,,8346.12,8219276.44,0,602178,1225709,29895259.29,8846063.52,340847.61,,155426.8,89131.29,1094386011.95
March,2018,FY 2017-18,729759474.84,168679896.01,248713421.89,4210263.02,7517290.12,,1862049.83,147434963.25,,958062.77,0,0,0,61992,0,12578329.04,12443820,41846082.71,525543,4363976.96,3078413.26,29580495.22,,1742849.11,,41790,12406858.62,33928.62,3571288.54,,3971.39,128674.74,12807.22,0,369719.38,10006.49,175256.66,,7809.84,1525218.88,0,272632,0,27404855.88,7555082.35,1875011.65,,171044.18,5673.52,1470928552.99
April,2018,FY 2017-18,462261846.26,1244010950.58,401118736.56,6848716.92,10467052.81,,1267926.37,94758834.56,,241304.94,6863335.5,621722.3,31218930,24004003.08,0,20820302.5,326937.23,305121.52,24563.44,60018.07,6776882.13,27087924.95,,1754153.66,,192047.1,14289522.54,76545372.73,4465421.32,,65562.33,824513.11,0,141047,427383,2564.63,275254.71,,128.03,23403852.81,321412837.35,955714,4501090,30988673.97,8621350.59,1027301.36,,161668.38,7612545.07,2836753113.41
May,2018,FY 2017-18,520758666.02,51848142.3,348890240.88,2365131.33,10875748.71,,366510.3,47477079.91,,348235.7,5477982,289572,0,52805.71,0,15801157.82,99610.46,1807598.83,0,564640.61,4933718.56,31511966.53,,1852590.6,,2107624.39,16190373.33,4159136.44,3918527.05,,65844.09,1041172.78,0,553372,414010.83,-178.57,166048.83,,2040.55,10753749.26,25959974,574163,746145.95,30102952.03,8818483.75,1056104.57,,174115.28,348918.3,1152473976.13
June Final,2018,FY 2017-18,1015677984.61,585625777.13,823368282.07,10156785.58,26825387.69,,1889672.56,265788454.71,,1455267.42,12117000,0,31770000,15720751.21,468588,13064974.26,8505036.96,37412970.7,810542,3213.17,12020378.02,53082875.47,,2387323.93,,1171721.06,49488595.14,90014477.09,2999510.06,,10801.83,1225476.42,189,0,442381.59,602.27,169262.19,,6931.1,24562194.22,341006000,1533738,5188000,65782250.78,19503677.92,3002153.6,,182575.07,11853158.77,3536294961.6
July,2018,FY 2018-19,,,,,,,858322.55,,,26334.94,,708310.15,,,100.2,13675268.46,266085,-70581.2,0,137826.14,,10765232.37,,1995360.02,,231324.55,,,5026876.75,,104309.6,636887.23,155,439630,515636.58,30442.09,249031.45,,3674.12,,,,,,,,,121245.32,,35721471.32
August,2018,FY 2018-19,431172694.87,38347919.15,331425941.68,781539.97,11655896.09,,1078452.31,30268269.99,,67097.15,660.97,182588,140,910.15,0,18940873.66,-3354220,6850569.25,0,506636.58,5545599.65,32756159.97,,1972996.9,,635453,17264003.12,122484.11,3805384.17,,47870.03,287984.21,-155,270207,498013.48,2633.06,185091.1,,27737.72,8811771.57,9223574.85,278167,819,32618714.08,10098090.98,3381.7,,190753.35,21006.46,992593711.33
September,2018,FY 2018-19,429602739.46,424903812.24,262545947.01,766525.63,10887515.67,,4556210.12,141800437.3,154485624.33,280447.27,0,0,0,0,0,24393830.36,5347305,23879325.43,423425,0,3234104.03,26629749.03,,1960702.01,,358420.1,16854601.02,191324.9,,1802885.13,5484.83,247363.63,0,0,502358,549.69,164342.55,,27275.11,53190.14,6532805,288482,0,33163032.57,10588316.99,2041214.66,,277820.94,8541.91,1588805709.06
October,2018,FY 2018-19,503298061.73,123606933.77,477271685.18,5501116.18,14484030.27,,1247312.84,25929398.31,7446997.46,324793.63,11849415.88,876692.8,45831022.66,7896823.25,0,14734959.08,-18507.91,767911.71,25487,217539.44,6627018.27,33682873.33,,1831560.26,,4503226.36,15898741.92,68120452.63,,4220605.86,115492.3,226682.87,626,446168,477827,680.04,286950.06,32300,9359.38,27598874.46,228657490.34,1098171,2231776.44,34734666.55,9137506.5,1110123.46,,221563.44,7629254.91,1690191664.66
November,2018,FY 2018-19,505967110.91,40950781.03,379188257.43,1765490.51,12424472.37,,973827.56,30860676.32,6368138.35,344793.7,125211,6643,122839,170029.78,32216,12822111.6,-440844.16,2557203.45,0,90207.12,6390445.19,24943906.69,,2008855.02,,212823.48,14253545.54,20246399.08,,2585495.93,40445.09,89980.77,0,302106.79,487903.69,4285.03,171602.85,41000,1299.33,8173407.22,-9778903,402693,219007,32789407.54,10895966.62,118081.51,,307932.28,1169226.25,1110406077.87
December,2018,FY 2018-19,612349151.54,110400297.62,384198119.94,1944977.24,10973461.92,,3567948.76,139297550.11,133281513.8,1384538.72,0,0,5000000,395716.66,0,32667922.04,6669183,23348238.38,723425,0,6004004.87,32653033.45,,1745784.68,,1722751.79,17432456.13,126997.89,,3422599.86,9343.53,635248.66,0,0,412857.72,10535,164754.05,45200,70745.74,1434474.73,5576222,272909,0,31470724.05,9910151.8,1712011.56,,208833.26,6162.05,1581249846.55
January,2019,FY 2018-19,655782175.29,476316324.91,467244845.98,12882821.73,7988444.73,,2736404.85,31992556.45,140624259.52,195986.63,11426401,1256217,26025158,15144489.03,0,8678234.37,19949.75,55628.53,0,102143,5424773.14,26381595.46,,1607989.78,,2517217.66,14694320.27,63732996.66,,4955290.35,106598.52,6134577.06,10724.43,307790,438659.9,2951.29,237868.39,36800,2344.74,26040429.49,165344668.89,1078599,5079082,32072638.25,9236388.5,1039553.1,,222751.58,7260538.82,2232439188.05
February,2019,FY 2018-19,611978555.83,41019772.97,329277715.64,1547446.61,7906641.61,,1844786.58,14894592.01,13536733.88,423369.86,387880,-384469,0,1482153,0,7572659.41,2547438.36,11427574.65,329426,1127761.17,4061472.46,20786625.95,,1830361.13,,59672.93,10267618.38,6441750.3,,4586305.11,36760.2,260162.53,202157.38,357901,381293.5,3853.93,170567,8000,53260.15,6152139.63,46564367,361412,299379,30313713.35,9334220.49,211222.31,,179719.83,1477938.02,1191321912.16
March,2019,FY 2018-19,724089268.51,66499404.78,236433253.14,2618202.95,7557377.13,,17105538.04,167950128.15,336695835.73,850124.73,225629.58,324.83,0,0,0,19126664.26,5336427.02,33968339.53,752119,4680115.24,3031708.94,23455485.37,,1607760.28,,1534330.44,10580240.73,5013737.86,,3188736.12,6878.9,122844.64,46.99,0,352035,733.28,148721,2700,305,2694210.97,64938.29,249367,0,28390079.36,7458630.31,1968518.62,,209667,66788.48,1714037217.2
April,2019,FY 2018-19,516594820.94,1245734007.77,450272886.83,6571411.64,10392135.09,,22233902.1,118649093.09,184457237.39,248474.91,5822906.14,974801.86,39782393,26343704.92,0,32255010.34,45997.32,530921.83,0,24296.95,6772695.56,29820387.42,,1857047,,234480.87,12458438.7,54404983.72,,6043467.34,63006.43,88458.05,0,163963,446742.15,1197.26,257569.73,1100,207,26119410.8,216873151.6,1238879.79,5039017,31391233.04,9288187.9,664662.56,,208832.54,7485341.33,3071856462.91
May,2019,FY 2018-19,544110555.96,57962247.42,386027323.47,2720611.9,10969559.4,,4139534.73,48466355.96,27664268.95,532159.44,2331530.4,-287787.4,526884,1324021,0,22659796.07,873319.74,2912334.25,65.95,495192.45,5201563.61,27368906.39,,1779321.45,,361417.44,16854830.42,9978261.74,,4080090.24,61923.05,77128.72,50,421637,419421,811,180976.09,200,3895.6,8185516.73,11353050,288663,264569,30641917.96,9593074.3,402259.82,,177815.09,58093.48,1241183366.82
June Final,2019,FY 2018-19,1130827629.95,348647064.46,835530879.39,10601837.75,26040297.79,,7531221.22,237254547.46,167493444.1,1019190.76,14125897.49,0,39461093,13907792.97,80,17785349.41,6544028,32079025.56,561872,0,11852432.4,45678606.81,,2118818.08,,59380.66,54233585.43,90138795.63,,2972690.07,7405.61,61069.22,0,0,438147.32,575,147027.78,700,8627.04,31585080.47,228908284.83,1199169.59,5726684,65443009.22,19290482.95,2576694.2,,173227.96,10916702.63,3462948448.21
July,2019,FY 2019-20,,,,,,,934668.15,,,114026.59,,1404635.06,,,654881.2,25257706.75,449198.21,220684.41,73672,31019.7,,11130007.01,,1837599.18,,311673.5,,,,4895660.45,103068.18,28621.34,0,733590,508928.86,525.21,256038.51,200,9823.22,,,,,,,,,160940.18,,49117167.71
August,2019,FY 2019-20,383867654.73,27513459.9,286373525.57,1319598.36,10587186.9,,-7402220.74,16979470.23,26827104.79,287348.72,347581,3489,0,0,0,8347210.55,20715,3081617.29,0,461947.49,2318223.01,30344380.05,,2180838.29,,252633.01,18379276.89,900157.37,,3656730.98,39798.84,58613.3,0,74838,528589.57,957.57,160985.25,200,437.65,1678379.96,119078.11,629335,0,32513809.35,11514222.06,424959.39,,341435.13,111651.4,864845218.97
September,2019,FY 2019-20,466771841.61,330930093.69,425082055.08,1244086,13967639.45,,161623.96,142105675.5,242788543.29,1020230.21,-347581,0,0,0,0,7644088.92,5153745.41,21311922.08,118944.45,76135.7,8707004.86,25361265.3,,1854923.94,,573873.02,18136265.1,82993.74,,2655602.41,4553.97,77966.58,13000,0,514613.57,535,185742.15,1000,1871.35,2723608.32,18940522.84,2813.98,0,32454933.98,11828426.5,2343827.68,,497004.27,51185.87,1785042578.78
October,2019,FY 2019-20,544357520.03,107271682.07,427030448.28,4654344.98,13002008.92,,3798924.35,19472221.76,28855226.85,193616.99,10719190,1105369.65,34617377,4426863.83,0,18080934.72,-165000,-352471.49,0,82881.11,5293047.63,30943183.07,,1772813.16,,34327,16961366.66,70678075.78,,4884359.43,96012.87,1329253,0,734881,501720.08,625,224657.59,5400,667.65,25145894.02,217054258.82,1425159,2103903,31012377.74,10213585.4,897118.78,,288693.68,8271138.83,1647023658.24
November,2019,FY 2019-20,499152780.26,34657418,301990418.2,3724259.06,12671267.17,,-4088860.79,23982930.31,24226107.67,566285.86,71290,97604.53,15302376.79,7585207.22,0,33471600.9,452646.56,3525677.73,0,403796.68,2680643.6,25398926.6,215475.17,1984312.82,,1374029.18,19135039.2,4797161.13,,1895373.9,46719.52,276135.76,0,0,470409.84,535,136899.71,3900,52541.1,5472514.3,0,286049,76835,32960332.9,11122925.31,199622.94,,243100.24,1052106.47,1067674394.84
December,2019,FY 2019-20,622744184.65,71330904.73,496666695.1,662790.28,11361616.77,,216277.14,151213220.25,147520997.54,813973.83,-1540,0,0,0,0,16224324.62,10141047.6,20867227.14,457881,1205,10924774.35,27350463.39,541584.55,1570273.77,,1953676.94,16401454.38,138363.99,,3634925.69,8240.27,1501120.87,0,0,411527.22,450,212766.69,11400,40777.52,3585665.88,0,248798,0,31796814.08,10403196.08,2719139.95,,223322,724981.85,1664624523.12
January,2020,FY 2019-20,724281788.4,415285012.94,490733210.14,9794587.6,8316695.06,,-3918294.96,26297237.8,149497570.02,187268.19,10183465,1172346.22,32346223,16162272.27,0,19429416.94,-32201,4565613.5,0,50309.53,6253243.19,24856604.83,428570.78,1638741.89,,506122.24,16781456.02,57666866.04,,5456969.47,104567.93,5314700.81,939.53,531177,473958.02,3766.92,240609.15,14900,18763.66,25259089.86,216744620,1169145,4561262,31159821.1,9785400.78,680565.51,,253759.31,7865574.36,2322123716.05
February,2020,FY 2019-20,579410629.63,41170919.79,272268263.22,3700412.95,7665482.39,,-605015.41,17072421.48,15759798.64,87270.35,0,3521.83,348934,440759,0,13084588.07,2914227,23816431.31,1212221,1175907.85,2451388.93,23110023.57,233085.11,1660713.68,,385108.4,11043318.68,23101283.08,,3998727.52,49210.51,242282.48,360021.62,192478,386840,6147.34,183845.79,66200,46551.7,5370411.37,0,280220,76230,29900359.69,9485802.45,118605.65,,191470.26,1422424.3,1093889523.23
March,2020,FY 2019-20,728968894,63769238,410362006.4,1421833.5,7951920.78,,81768.6,175489702.91,273508593.39,508323.51,0,220.83,0,4243.15,71.8,8030217.87,7134909.3,40421140.93,1126541,4564123.36,7822225.24,31018136.84,417207.48,1484285.88,,1429397,8482908.51,361925.34,,4231864.84,10280.1,220421.11,0,0,369235,15557.68,199073.09,7400,120,285313.79,0,231945,0,28777841.69,8622299.02,2428531.4,,169275.27,127325.37,1820056318.98
April,2020,FY 2019-20,550350397.13,118791681.24,327389305.81,6833814.41,3949067.85,,240095.61,38896107.19,62471304.57,89264.04,12404303,1073745.83,32024919,22035898,151.2,2359540.09,0,812408.86,0,162462.79,5720419.19,21836459.81,245323.28,1831787.59,,417597.71,38245.2,42571481.05,,3594702.4,43853.59,88162.31,0,427688,348866.2,1007,267591.83,1000,103348.33,16195806.96,96986352,893436,3285229,25564380.23,9339562.04,62675.51,,119533.04,7622021.32,1417490996.21
May,2020,FY 2019-20,493712367.12,53513382.4,231735048.08,5546922.93,2273053.95,,-65932.26,15150213.96,12762942.42,81944.79,1869212,100673.83,732506,995800.56,0,3947143.59,277087.98,1276854.58,0,526961.76,2073490.65,23318912.02,302870.06,1915973.52,,129782.25,4622205.39,6277963.33,,2505925.37,39742.59,35403.25,0,274239,163088.23,2253.12,148536.41,500,170,3298491.55,0,517801,445285,16653280.46,9183506.99,62439.17,,138967.88,1626525.06,898173535.99
June Final,2020,FY 2019-20,1221655693.85,1319174157.38,922199016.18,7992339.18,8164326.1,,226114.19,313700648.33,257745120.27,132597.52,14573594,0,31274088,12902218.1,0,3665657.16,10189518.65,35673615.79,208369,5129.88,18837868.11,46823503.9,987004.91,1966358.88,,521650,38705276.03,29346294.9,,2817191.37,16133.27,38215.71,0,0,192675.57,805,212341.77,800,6236.05,24997119.74,320717204.44,1431057,2965641.07,49410718.54,20522364.19,4020511.77,,207503.66,14775641.86,4739002321.32
July,2020,FY 2020-21,,,,,,,,,,241527.26,,1130026.44,,,647551,22357918.58,-1392999.57,1334404.67,848171,11368,,12556890.22,,2123110.33,,543939.7,,,,3453955.72,50228.42,41070.53,0,663224,291205.65,489.14,246489.29,700,186659.13,,,,,,,,,215948.59,,45551878.1
August,2020,FY 2020-21,358927004.83,33233595.25,369819357.02,,5337735.25,,,16273075.1,22434267.77,46663.42,-5540,17687.83,0,1776,0,21829767.58,926857,2325766.63,0,471980.23,7318348.65,28623204.64,323688.26,2117519.67,,50287.55,46623261.02,188065.03,,2450788.2,15062.47,22685.68,0,96005,321565.21,245,213046.69,500,95517.1,345933.21,7400,248618,586177.33,29008549.53,10469316.03,89440.09,,306077,3773.86,961165069.13
September,2020,FY 2020-21,507676714.53,313404766.18,400474193.75,,8120629.47,,,142120439.12,233867099.47,370945.98,389805,0,0,16470.53,5476.78,11928163.39,5024080.3,25623190.61,255580,18798.39,6021984.07,31569078.88,398806.06,1982421.87,,166064.36,34517062.12,1289403.04,,1640176.47,4502.85,40700.4,0,0,328940,285,157156.55,600,-216911.99,791733.19,-965.97,252256,69907.44,31535493.35,10880691.93,2593278.45,,611021.22,23921.94,1773953960.73
October,2020,FY 2020-21,516756133.4,106449264.28,391235586.58,,6412891.15,,,30012112.4,28469621.85,99348.5,14779971,-767512,49770617,9509348.08,13436.41,28310221.39,75128,208580.15,0,139085.51,3020087.73,23455011.61,380986,1870483.03,,1995574.58,28559696.03,28998077.52,,3367614.49,39287.28,43734.89,0,732016.79,355219.64,160,358704.43,13900,1475480.3,18585040.25,228998163,811187,1658158.26,28410824.39,10310651.12,213936.7,,284953.89,8812493.26,1574225275.89
November,2020,FY 2020-21,540991759.73,36229855.14,481108060.53,,6722042.89,,,33501620.62,16656588.76,181915.65,1426351.8,72592,491284,144729,0,16716289.31,359621,1240010.08,0,861508.24,10944538.26,27369031.87,481462.66,2110606.8,,41111.86,30416084.77,21756767.81,,2646484.42,36606.31,45934.84,202.97,989.89,344729.86,245,222191.08,20027.39,142589.86,7511010.37,25696419,629493.3,301563,29321566.09,10622408.69,128182.29,,314287.9,2190175.49,1309998940.53
December,2020,FY 2020-21,717641454.95,82449899.31,435769875.94,,5193894.34,,,167939197.09,212671624.42,573367.55,-19039.02,0,0,941166.99,0,28438872.52,4383013,24738380.81,255766,2701.29,6485525.74,32565956.18,416654.55,1791150.73,,2039565,27064329.52,184859,,2645153.29,5035.21,552153.62,200,0,286682.98,245,206301.81,24926.31,-642436.02,5039204.39,0,239088.32,379364.35,26657759.64,9714409.2,2064857.27,,243655.38,672073.3,1799616889.96
January,2021,FY 2020-21,643178838.36,524074611.12,364292477.46,,3035755.06,,,32646955.84,229324230.12,21066.5,9169767.59,660214,12548167,8027891.9,71.2,10532197.44,32,783963.69,0,67927.6,4145402.29,22557770.98,366281.62,1783257.95,,152799,27183580.9,18993402.56,,3998096.25,58338.82,5744635.97,183163,361761,310187.78,385,198408.58,20598.85,-89675.26,17550298.92,184755420,674411,4136990,27021695.11,10179702.3,701183.2,,271169.58,6999553.31,2176622985.59
February,2021,FY 2020-21,625674819.34,37778880.57,421099639.83,,4131980.38,,,16318877.59,14568886.19,93100.64,407656,-274518,13061923,7858077.31,0,22435517.12,5493119,17462583.65,0,709766.59,5587461.29,20814952.67,319713.62,1655873.55,,3003277.6,24192748.23,28541908.96,,3611602.41,42373.04,165924.03,140990.83,346761,284549.94,4093.3,213301.94,7141.7,-51017.66,3143622.95,30293272,739284.77,572144,25986313.8,8703740.95,227423.94,,229218.32,2892353.49,1348489339.88
March,2021,FY 2020-21,811183119.73,80478732.2,469040020.2,,5323002.51,,,164311581.01,391450096.11,476806.44,0,0,147070.69,88833,0,24845079.02,9420532.89,44951220.92,196111,6309092.21,7923655.42,27675701.11,531669,1702958.75,,336294.39,20603894.24,157110.88,,3501475.32,14374.38,155354.92,37248,9584,255249.8,1350.51,293969.18,2992.46,2665061.98,781902.92,-2421.71,451138.74,108755,23146994.26,9600419.03,1993560.53,,288752.15,26313.35,2110484656.54
April,2021,FY 2020-21,613283902.14,514392013.33,467528513.82,,6159200.33,,,134256439.93,153931997.03,458084.74,9202706,1104734.44,18348957,14927497.16,0,58469610.99,-675922.63,1791024.25,0,52995.45,6374422.55,23784889.93,454833.76,1837083.27,,257464,21765978.26,54462517.24,,5743704.68,51418.67,47351.52,3748.73,666956,351190.84,962.74,302541.39,1096.76,473999.15,17399385.58,209350488,904555,4050542,28341239.74,10349107.77,722588.03,,263770.02,9145564.99,2390339154.6
May,2021,FY 2020-21,530351090.8,1011469640.08,324842809.46,,5546157.47,,,70716860.75,30405257.27,552743.03,320442,16665,10799227,13270498.06,0,37932608.19,1132079.47,3944372.92,0,342522.48,4214057.27,24308027.35,429431.16,1831811.67,,322811.4,28387786.39,1901887.53,,2711881.61,14838.83,53220.67,0,0,320073.18,245,109740,897.85,144850.54,5370650.92,0,236931,1136385,28492405.38,12265134.93,169577.21,,216356.77,498546.16,2154780521.8
June Final,2021,FY 2020-21,1310991534.26,356705288.78,1146798804.96,,24647008.88,,,336208591.01,220045758.94,277429.35,9338039,81,33169974.55,14295645.53,20,19542662.71,7789128,34389154.88,355763,37599.11,17075681.64,48066745.36,1101704.72,1717943.75,,1456403.36,85348032.5,75859711.39,,4246221.75,3405.3,35934.09,746,0,258875.83,1805,-8632.67,594.62,2713670.07,24785326.49,232892079,1386196,4838579.53,61476118.8,21488316.92,2267629.35,,209024.51,12240494.98,4114055092.25
July,2021,FY 2021-22,,,,,,,,,,9801.25,,1025278,,,515741.2,12915175.73,-2852532,837700.1,2468028,30551.66,,9604752.14,,1892055.36,,313813.07,,,,4282755.62,49045.29,51947.62,,704587.6,467205.92,2710.1,281723.57,300,-5527944.91,,,,,,,,,28656.16,,27101351.48
August,2021,FY 2021-22,390154655.94,38465857.21,409145777.04,,12813693.38,,,21854874.21,25306258.57,31634.51,1194116.23,-594829.87,0,138390.42,0,8434785.49,466564.24,1885860.33,5921,518316.26,7017275.12,28419243.29,482319.82,2631943.05,,507416.1,36150707.47,2433161.41,,3706690.72,52090.25,67303.13,-3906,0,382302.08,0,206762.89,1000,-350585.78,987666.29,0,229685,1231701,32217558.25,9282058.07,107813.52,,635842.5,36719.69,1036254642.83
September,2021,FY 2021-22,583380191.74,397870439.9,444837718.16,,13535875.57,,,152093465.42,284513183.68,148599.88,0,0,0,3942687.75,0,9239219.15,5971411,22927156.68,-1596620,41975,6616099.13,29241008.27,507774.35,1083791.11,,172404.72,21998674.78,105957.49,,1737742.42,16808.62,60742.06,14.99,0,384781.21,0,212176.74,2197.84,-277917.58,55221.45,0,233323,0,30260998.83,8783052.02,1723753.59,,653363.02,22510.88,2020499782.87
October,2021,FY 2021-22,520732508.19,100041650.95,370784482.54,,9868625.71,,,34748117.55,61871559.32,100013.63,7972590.27,1089281,46640353,5420488.26,0,12453368.97,2415.35,-441687.62,671445.56,575338.56,4858651.97,22834234.04,499269.58,1538105.91,,796337,28240309.02,28254073.19,,2897403.68,52726.87,93880.03,0,807758.91,375719.96,1101.72,190458.27,2892.46,162688.28,18513003.31,209456014,422769,1674233,29907698.89,9498599.98,633256.81,,290677.25,11539884.19,1546072298.56
November,2021,FY 2021-22,596192919.84,45173573.88,590544113.94,,14545094.13,,,30536549.63,27352548.13,336547.96,657911,-329106,12581893,7593199.23,40,29766006.97,0,1787639.84,0,41288,7749027.33,28001415.98,570772.22,1678906.51,,1114140.62,38170254.73,60033350.41,,2749455.01,50580.11,63570.24,1175,3491724.99,391843.33,0,311005.42,6695.7,1220919.61,6282246.48,3234134,510937,1117630.23,31576477.59,10026472.01,198753,,398911.25,1414734.89,1557145353.21
December,2021,FY 2021-22,815794562.37,88325832.75,415778408.92,,9515944.72,,,216659032.85,378536161.13,604192.43,47952.41,0,0,1936.99,0,13419815.6,3656796.18,22548789.32,83602,3578.16,8294846.33,24178876.31,431326.91,1760525.3,,381992.47,34418324.37,242941.9,,2206993.15,6967.21,3608688.45,100,-3320556.79,348445,500,182719.5,13942.45,171124.28,2473457,0,0,77114.77,30309792.31,10747465.35,1376592.1,,244910.55,14535.62,2083148230.37
January,2022,FY 2021-22,754232949.35,635937293.13,696735794.89,,9534438.01,,,53097200.93,363914750.72,-39345.64,7662529.6,1010877.8,21864288,13809256.53,0,12668958.57,771300,1294873.58,0,260876.43,6947424.73,22012494.44,571875.27,1471409.9,,2338056.32,22130327.87,94863569.67,,5491511.2,109274.71,5555126.65,21820,377996.41,381648,1938.49,292115,24326.33,386322.05,17049752.13,212560959,773800.76,5104997.2,30055607.1,9490971.08,761333.17,,221702.84,10523302.02,3022275704.24
February,2022,FY 2021-22,662911125.39,68243622.67,433429240.72,,6914164.91,,,25212423.51,20919687.86,242939.79,1553718.06,85071.23,9902513,10018756.08,0,15146837.21,2107741.8,20960592.96,100337,1375833,4067317.05,20180044.43,478243.14,1470038.33,,1464323.35,25354796.42,4817618.6,,4943773.22,32147.19,548341.21,121138.09,570973.38,305535.37,979,324020.71,10022.56,33942.05,4215832.11,0,179600,1559437,26827712.65,8168504.05,235463.13,,198351.56,708844.59,1385941604.38
March,2022,FY 2021-22,999902569.03,109443738.76,418353993.55,,9629942.95,,,216630775.47,598678842.55,547835.14,-636.72,0,0,0,0,23295722.89,11282898.79,51321532.21,294805,6217460.56,6194873.56,23887322.89,510130,1454096.41,,3033423.85,20983636.08,216202.8,,3882902.17,15071.95,142900.48,2323,664585.25,295491,3010.63,197228.19,5528.46,4627104.37,181913.27,0,1110590,0,25982395.85,8441400.54,1418970.01,,240413.39,51335.56,2549142329.89
April,2022,FY 2021-22,589404915.83,2197459768.18,352947522.71,,6723306.71,,,204845292.56,198486944.52,506448.29,7624881,997691,1336113,8191198,0,10770424.92,1700919,883645.02,0,28745.32,3373072.6,19892682.34,453323,1650990.23,,2135534.63,9294913.49,23825500.91,,5439602.95,57760.79,81057.26,1190,514469.9,359427,920,187712.18,1686.25,551700.37,20095527.93,197377686,422894.7,3921601,28866413.41,9831676.42,629337.08,,208003.8,8884764.9,3919967265.2
May,2022,FY 2021-22,577458362.71,150762391.65,598048185.15,,11536862.55,,,65414140.6,26130657.23,202886.9,1947278,-594072,43724843.93,26624353.58,2036,47774624.24,205105.74,3967977.93,7718,103599.91,9085698.26,27097512.45,532756.12,1734081.09,,2037892.54,55726908.12,64908218.73,,3985634.93,55898.54,970901.86,155421,521535.97,251823,848.22,296664,295.69,175566.07,4673746.09,5635145,492038,1838574,1566207.78,9391401.17,244119.78,,208400.74,1883498.88,1746787740.15
June Final,2022,FY 2021-22,1396006425.54,412621749.31,1094589913.14,,32188434.54,,,376392400.52,322502664.15,716026.79,10411724,0,31504263,20344231.81,52122,24232192.15,6174643,35892185.26,99932,15080,14711241.44,45204197.53,1127603.35,1624193.01,,1308996.11,76322318.28,118255468.29,,3621171.01,5034.53,667991.1,1190,819027,360677.22,0,204042.13,650,487355.39,24762319.19,199907886,1764516,4954596,-468291,20098774.99,1107319.28,,215311.5,13178746.01,4293986321.57
July,2022,FY 2022-23,,,,,,,,,,89601.79,,3844000,,,472147.2,19890862.23,464633.12,592201.45,0,155856.99,0,2481864.93,0,1582609.82,,203241.96,0,0,,4579146.69,-34127.44,287714.56,0,157135.07,483457.89,916.22,304221.06,300,111315.67,0,0,0,0,0,0,0,,195024,0,35862123.21
August,2022,FY 2022-23,439172210.55,41284189.54,440344142.6,,14117638.66,,,22539023.61,29938842.88,329877.3,326956,-258074,0,320584.24,40,18957859.8,1218381.71,3395230.54,5146,661065.74,5857886.05,27223922.49,442894.1,1697189.98,,924571.5,18306454.09,197412.71,,3029290.07,172632.94,213075.27,0,543324.09,391952.4,0,186402.94,550,-74419.32,122797.54,0,670142,0,371188.67,10945913.33,666817.72,,598912.82,43813.01,1084885839.57
September,2022,FY 2022-23,595929660.79,363772199,488516622.69,,16414401.39,,,171106414.64,361709117.38,433899.47,0,0,0,0,0,33106039.17,4229953,25082054.87,665195,13323.1,7942024.97,23151619.28,512330.74,1734668.14,,184017.64,41079976.41,768477.58,,1860615.91,9270.94,94849.68,61139.52,463472.29,314427.02,0,220200.23,5500,6443957.38,264652.77,0,57.7,0,-689140.75,12623416.99,1042643.66,,654341.42,1049903.2,2160771303.22
October,2022,FY 2022-23,626545374.72,193831539.1,512870404.25,,13540308.02,,,38454988.07,32168443.18,404004.05,14128309,-1906825,1372206,12634455,0,14807563.82,0,2964808.94,134.3,35094.28,7004758.92,23335982.07,469785.18,1569489.08,,665030.37,23327264.79,96478975.84,,3510785.75,104529.11,132772.78,0,813000.31,500925.09,0,301926.55,11275.26,152609.11,16995222.75,197377920.41,1302777.88,0,240865.88,11156604.71,465815.82,,251628.54,11418939.78,1859439693.71
November,2022,FY 2022-23,636929229.67,45392125.45,510321842.23,,14946296.86,,,39386948.03,38497307.1,1061346.61,1135492,65643,55909798.4,6284612.31,0,27792017.7,-124416,2409857.36,167680,837975,6816092.37,25284633.45,512929.06,1576982.45,,299683.1,27464306.82,8759110.22,,2320979.08,20579.61,49632.34,0,363363.19,406584,0,218725.27,18437.08,-13275975.95,7418379.72,200000,26456.42,0,-77404.68,11768089.88,62975.23,,336961.88,215609.5,1461800885.76
December,2022,FY 2022-23,804817267.98,71207607.65,428954501.37,,11505725.33,,,246260918.76,290559447.97,543215.18,49750,0,0,0,0,8223216.59,3132726.98,25921142.03,297822.84,296423.61,2824863.04,20768450.76,833323.12,1414366.08,,422078.95,23124083.8,88640.75,,3044504.33,4377,2093839.65,0,1749729.69,345650,0,345287.02,23983.82,53010.37,3356849.23,0,100,0,-2232.93,11180207.84,2278245.08,,250934.46,123700.93,1966093759.28
January,2023,FY 2022-23,768025004.41,474982168.75,678290043.46,,11070499.96,,,53611124.63,292100007.03,-48125.77,8149253.69,981282.62,23431276,10545967.84,,11291194.78,1150025,610037.31,0,15704.43,10029240.23,22635210.37,571595.48,1608163.91,,3186506.73,20783425.29,103560592.55,,5746983.93,115507.78,4370429.87,1224,95916.42,381740,0,304651.97,18603.73,3497864.93,18432259.3,197477686,911660,0,176081.64,10893739.26,898493.88,12994.38,215046.55,10738319.06,2750869401.4
February,2023,FY 2022-23,774711996.25,44110294.13,459453213.23,,8729920.93,,,25514192.63,26849706.75,326146.03,16705,3491,9990709,13440577.84,54,6040946.59,6053461,17529341.57,608899,1746728.65,6599443.79,15194400.41,450140.2,1257599.5,215468.78,167363.84,13128272.18,6999883.76,,5964539.97,15812.03,626299.3,378251.07,-1127522.23,342907.39,0,204922.13,7873.08,22819.38,5316370.81,1931891.48,0,0,4766172.92,10311943.34,215031.6,2511395.7,192022.74,1145579.97,1471965266.74
March,2023,FY 2022-23,1027947588.45,88121026.28,436223240.02,,10230557.82,,,236643948.19,482870771.49,71662.55,629842.21,-589035.74,0,0,1967.8,14807860.85,15110676.28,55562217.27,451027,6443514,6594592.02,22706227.25,485838.32,1260621.45,937548.87,148031.32,14807994.3,100041.3,,3570847.99,5557.84,901351.81,10552,198199.47,308637.61,0,198323.96,3244.62,3596685.02,115000,0,0,0,10749839.7,9540852.25,1876663.19,5482254.07,229117.48,158375.27,2458513261.58
April,2023,FY 2022-23,622515781.07,1229758583.77,357098537.07,,8292990.27,,,204436462.4,188543887.26,1160638.88,11517220,931503,1156477,1466164,20,21150746.71,-130479.44,558827.95,204259.45,27874.49,2505836.31,17080901.37,419953.04,1386769.25,739641.87,773477.05,16354220.1,43407232.79,,4931583.27,67670.15,276800.86,0,810046.81,386187,0,197632.81,1445.69,-7171765.46,17128577.26,197727703.33,408179,0,17980566.95,11837260.55,901869.35,4158309.17,176149.78,9750425.06,2990916167.24
May,2023,FY 2022-23,655383989.38,65322346.37,639421556.98,,14324027.92,,,87845599.53,32772371.41,239653.2,1133115.9,-246463.15,47799898,29777938,60,12591312.78,1932592.03,2826646.23,17888,51206.19,9858796.65,25038236.37,578450.73,1376866.71,1150447.84,130703.02,21348425.4,36567610.13,,4320648.03,52581.18,131934.5,0,-10003.07,354790,0,294477.2,496.77,11106.13,6488781,593,1517903,0,23550210.03,10898530.73,34797.66,5709138.68,211203.14,1732261.27,1742542724.87
June Final,2023,FY 2022-23,1365751269.17,295652433.97,1029024817.35,,33797887.67,,,393211390.75,273116793.39,420377.54,12139571.2,0,9919456,15736900.81,104.4,29694817.47,14859468.54,55265116.83,983154,3696,14214422.46,41833586.37,904742.94,1429560.83,1632534.34,2490623.72,57872322.23,95127549.3,,3079700,8592.85,143420.34,2120.26,108612.41,413196,0,199609.42,448.92,-9092.48,23756116.95,200300190,1730031,0,61197226.21,24209505.56,1123599.38,11401809.21,189538.93,16207592.78,4089144815.02
July,2023,FY 2023-24,,,,,,,,,,36250.98,,946069,,,492298.2,8207642.3,221.98,158562.74,0,50322.39,,2312426.78,,1324769.12,1537226.67,571499.79,,,,4797781.01,117478.83,73312.21,1000,72991,457778,0,284620.89,700,-161650.21,,,,,,,,,154932.27,,21436233.95
August,2023,FY 2023-24,592605182.04,43447240.31,548915585.66,,14629632.21,,,21487031.53,28262460.3,156126.63,0,3478,35036983,1317735.48,0,991245.92,6526.82,3536269.21,182060,473413.17,8110210.04,23756124.98,1179629.56,1457392.82,1187051.84,4981605.52,26881896.76,4548420.84,,2547415.13,28285,89531.9,2410,364290.48,441570,0,199519.98,997.85,-156721.73,3038.28,0,0,0,31928170.34,11435463.7,446818.03,4858067.81,596216.8,189914.37,1416128290.58
September,2023,FY 2023-24,574798210.53,309169929.22,358768805.84,,12267357.98,,,191492947.79,305669779.91,426468.87,279165.85,-279990.5,0,0,0,13254794.42,7637194.32,28914684.16,300566,53833,2922298.96,20852377.92,459526.29,1321275.11,874104.77,30366.84,24337149.65,513158.1,,1389483.3,7237.98,123972.11,0,-42828,459238,0,74472.92,2895.69,7133448.18,1488413.39,0,0,0,31879488.96,12226631.61,1410997.32,4551717.68,673579.53,44763.98,1915487517.68
October,2023,FY 2023-24,624960079.87,136403598.74,662430854.36,,18614735.92,,,42950182.82,37748750,129378.74,10607530,1744696.45,2030418,2620913,0,24096380.02,4451.65,117857.25,0,697682,9848928.14,20490573.37,436299.63,1157764.37,2388918.87,7258583.27,24676227.23,91901187.04,,3990557.96,102425.78,112876.15,0,347752.2,448468,0,423460.95,3440.31,27931.93,15960290.88,172848601,850338,0,29783798.5,10969593.94,396116.58,5289486.36,259469.61,551878.64,1965682477.53
November,2023,FY 2023-24,710575652.55,45715829.58,504931686.06,,14590591.72,,,38062161.03,28575725.12,502539.79,232729,12712,58947856,8660714,20,7894685.49,0,2291983.42,0,1705737,6963484.55,20379853.37,447733.92,1318764.54,1497838.45,250762.95,19569114.62,7778936.24,,1941074.83,27916.51,92355.8,0,0,450937,0,209291.21,6494.61,146261.43,3902563.3,24529085,58407,0,31477486.69,11557829.92,261309.67,1594146.75,336722.33,113954.72,1557612948.17
December,2023,FY 2023-24,786192543.69,62835986.15,395998597.63,,11548360.05,,,216435235.8,249309987.04,187176.77,1106375,-1106375,0,-119,51,8559674.82,7370193.33,28659576.74,300567,0,2192578,19264033.89,376860.22,1150058.53,1548551.65,361674.7,19044151.48,178852.94,,2705809.26,4459.86,495664.81,0,-155752,392003,0,73159.44,12739.24,136536.65,1479848.52,0,0,0,30050800.5,11216923.08,1333537.65,374168.82,222430.18,54426.96,1859911348.4
January,2024,FY 2023-24,794773024.65,418355413.31,744582949.7,,11983891.06,,,49683351.39,317211997.35,194021.83,3801482,4241619,1059731,2730559,0,2244647.66,179640,160270.73,0,236936,11240593.24,22459905.26,439159,1133832.11,1677519.96,24347.43,20879566.11,62417882.84,,6783700.31,115144.04,5855263.1,3625,527366.58,401810,,,,,,,,,,,,,,,
February,2024,FY 2023-24,846495086.68,50516507.17,461464969.42,,9281369.46,,,23480625.8,31217382.42,92274.19,3845432,-3614217,39631371,14423981,0,3839688.83,8743284,20819434.02,374454,6754734,4863272.13,15065873.77,380897.59,1000496.22,1393979.47,137127.38,15276097.92,25826559.75,,4973345.33,17925.82,822050.94,364289.18,287772.2,385824,,,,,,,,,,,,,,,
March,2024,FY 2023-24,922674776.75,96386415.75,289319442.55,,7349372.59,,,231992415.1,436542628.62,369930.37,,,,,,16663524.28,13100901.83,51622629.72,546015,1507065,1629324.12,15426227.46,319114,995884.66,1222912.68,199865.93,14785229.15,4305962.47,,2383404.81,4228.06,636493.05,2870,-78000,359955,,79626.22,6222.01,190310.43,326480.49,,,,27325009.42,9895939.42,1549627.35,304573.48,176628.16,39845.44,2150162851.43
April,2024,FY 2023-24,665793118.92,1496124410.35,664006083.81,,13945374.39,,,261948637.46,197181323.69,227586.75,10557909.66,1594323.02,1719568.06,14066295.47,20,24641667.13,25392.06,331796.06,0,152534.71,9440665.58,18439229.22,409878.5,1039995.54,2136993.22,477017.22,16826470.86,61836234.63,,7665161.42,98249.87,179418.25,8301.32,528742,398678,,429150.17,1792.46,48999.74,14933765.33,197382297.19,437256.18,,29509207,10195462.01,446714.6,9860006.26,183497.05,10917072.56,3746146297.72
May,2024,FY 2023-24,717627388.32,81384073.29,509217123.77,,13824398.51,,,69900336.76,29977987.32,514171.6,763598,-726339,51123120,13332788,0,928775.47,2322999.12,3866735.78,116695,293430.37,6280218.39,22635647.56,426053.58,1135150.11,1669469.76,1200575,23569442.37,13647276.75,,3756784.68,20376.69,68474.05,0,-175000,406603,0,195817.57,545.7,20780.5,8520094.45,0,447350.16,0,29336482.5,11623270.32,96083.3,4036850.31,205053.73,12344024.11,1635934706.41
